Category,Subcategory,Country,Item
Grocery/Supermarket,Dairy & Eggs,All Countries,Milk
Grocery/Supermarket,Dairy & Eggs,All Countries,Skimmed Milk
Grocery/Supermarket,Dairy & Eggs,All Countries,Full Cream Milk
Grocery/Supermarket,Dairy & Eggs,All Countries,Butter
Grocery/Supermarket,Dairy & Eggs,All Countries,Salted Butter
Grocery/Supermarket,Dairy & Eggs,All Countries,Unsalted Butter
Grocery/Supermarket,Dairy & Eggs,All Countries,Cheese Slices
Grocery/Supermarket,Dairy & Eggs,All Countries,Cheddar Cheese
Grocery/Supermarket,Dairy & Eggs,All Countries,Mozzarella Cheese
Grocery/Supermarket,Dairy & Eggs,All Countries,Cream Cheese
Grocery/Supermarket,Dairy & Eggs,All Countries,Yogurt
Grocery/Supermarket,Dairy & Eggs,All Countries,Greek Yogurt
Grocery/Supermarket,Dairy & Eggs,All Countries,Flavored Yogurt
Grocery/Supermarket,Dairy & Eggs,All Countries,Eggs
Grocery/Supermarket,Dairy & Eggs,All Countries,Cream
Grocery/Supermarket,Dairy & Eggs,All Countries,Whipped Cream
Grocery/Supermarket,Dairy & Eggs,All Countries,Sour Cream
Grocery/Supermarket,Dairy & Eggs,All Countries,Ice Cream
Grocery/Supermarket,Dairy & Eggs,All Countries,Margarine
Grocery/Supermarket,Dairy & Eggs,All Countries,Condensed Milk
Grocery/Supermarket,Dairy & Eggs,All Countries,Evaporated Milk
Grocery/Supermarket,Dairy & Eggs,All Countries,Buttermilk
Grocery/Supermarket,Dairy & Eggs,All Countries,Cottage Cheese
Grocery/Supermarket,Dairy & Eggs,All Countries,Paneer
Grocery/Supermarket,Dairy & Eggs,All Countries,Ghee/Clarified Butter
Grocery/Supermarket,Fruits & Vegetables,All Countries,Apples
Grocery/Supermarket,Fruits & Vegetables,All Countries,Bananas
Grocery/Supermarket,Fruits & Vegetables,All Countries,Oranges
Grocery/Supermarket,Fruits & Vegetables,All Countries,Grapes
Grocery/Supermarket,Fruits & Vegetables,All Countries,Mangoes
Grocery/Supermarket,Fruits & Vegetables,All Countries,Pineapple
Grocery/Supermarket,Fruits & Vegetables,All Countries,Watermelon
Grocery/Supermarket,Fruits & Vegetables,All Countries,Strawberries
Grocery/Supermarket,Fruits & Vegetables,All Countries,Blueberries
Grocery/Supermarket,Fruits & Vegetables,All Countries,Pears
Grocery/Supermarket,Fruits & Vegetables,All Countries,Peaches
Grocery/Supermarket,Fruits & Vegetables,All Countries,Plums
Grocery/Supermarket,Fruits & Vegetables,All Countries,Kiwi
Grocery/Supermarket,Fruits & Vegetables,All Countries,Papaya
Grocery/Supermarket,Fruits & Vegetables,All Countries,Pomegranate
Grocery/Supermarket,Fruits & Vegetables,All Countries,Lemons
Grocery/Supermarket,Fruits & Vegetables,All Countries,Limes
Grocery/Supermarket,Fruits & Vegetables,All Countries,Avocado
Grocery/Supermarket,Fruits & Vegetables,All Countries,Cherries
Grocery/Supermarket,Fruits & Vegetables,All Countries,Melon
Grocery/Supermarket,Fruits & Vegetables,All Countries,Cranberries
Grocery/Supermarket,Fruits & Vegetables,All Countries,Figs
Grocery/Supermarket,Fruits & Vegetables,All Countries,Dates
Grocery/Supermarket,Fruits & Vegetables,All Countries,Guava
Grocery/Supermarket,Fruits & Vegetables,All Countries,Dragon Fruit
Grocery/Supermarket,Fruits & Vegetables,All Countries,Passion Fruit
Grocery/Supermarket,Fruits & Vegetables,All Countries,Coconut
Grocery/Supermarket,Fruits & Vegetables,All Countries,Jalapenos
Grocery/Supermarket,Fruits & Vegetables,All Countries,Tomatoes
Grocery/Supermarket,Fruits & Vegetables,All Countries,Onions
Grocery/Supermarket,Fruits & Vegetables,All Countries,Potatoes
Grocery/Supermarket,Fruits & Vegetables,All Countries,Garlic
Grocery/Supermarket,Fruits & Vegetables,All Countries,Ginger
Grocery/Supermarket,Fruits & Vegetables,All Countries,Carrots
Grocery/Supermarket,Fruits & Vegetables,All Countries,Cucumbers
Grocery/Supermarket,Fruits & Vegetables,All Countries,Bell Peppers
Grocery/Supermarket,Fruits & Vegetables,All Countries,Broccoli
Grocery/Supermarket,Fruits & Vegetables,All Countries,Cauliflower
Grocery/Supermarket,Fruits & Vegetables,All Countries,Cabbage
Grocery/Supermarket,Fruits & Vegetables,All Countries,Spinach
Grocery/Supermarket,Fruits & Vegetables,All Countries,Lettuce
Grocery/Supermarket,Fruits & Vegetables,All Countries,Kale
Grocery/Supermarket,Fruits & Vegetables,All Countries,Green Beans
Grocery/Supermarket,Fruits & Vegetables,All Countries,Peas
Grocery/Supermarket,Fruits & Vegetables,All Countries,Corn
Grocery/Supermarket,Fruits & Vegetables,All Countries,Zucchini
Grocery/Supermarket,Fruits & Vegetables,All Countries,Eggplant
Grocery/Supermarket,Fruits & Vegetables,All Countries,Mushrooms
Grocery/Supermarket,Fruits & Vegetables,All Countries,Celery
Grocery/Supermarket,Fruits & Vegetables,All Countries,Beetroot
Grocery/Supermarket,Fruits & Vegetables,All Countries,Radish
Grocery/Supermarket,Fruits & Vegetables,All Countries,Sweet Potatoes
Grocery/Supermarket,Fruits & Vegetables,All Countries,Pumpkin
Grocery/Supermarket,Fruits & Vegetables,All Countries,Okra
Grocery/Supermarket,Fruits & Vegetables,All Countries,Green Chilies
Grocery/Supermarket,Fruits & Vegetables,All Countries,Spring Onions
Grocery/Supermarket,Fruits & Vegetables,All Countries,Leeks
Grocery/Supermarket,Fruits & Vegetables,All Countries,Asparagus
Grocery/Supermarket,Fruits & Vegetables,All Countries,Brussels Sprouts
Grocery/Supermarket,Fruits & Vegetables,All Countries,Turnip
Grocery/Supermarket,Fruits & Vegetables,All Countries,Squash
Grocery/Supermarket,Fruits & Vegetables,All Countries,Chili Peppers
Grocery/Supermarket,Fruits & Vegetables,All Countries,Coriander/Cilantro
Grocery/Supermarket,Fruits & Vegetables,All Countries,Mint
Grocery/Supermarket,Fruits & Vegetables,All Countries,Parsley
Grocery/Supermarket,Fruits & Vegetables,All Countries,Basil
Grocery/Supermarket,Fruits & Vegetables,All Countries,Dill
Grocery/Supermarket,Fruits & Vegetables,All Countries,Bok Choy
Grocery/Supermarket,Fruits & Vegetables,All Countries,Bean Sprouts
Grocery/Supermarket,Fruits & Vegetables,All Countries,Bamboo Shoots
Grocery/Supermarket,Bakery,All Countries,Bread
Grocery/Supermarket,Bakery,All Countries,Whole Wheat Bread
Grocery/Supermarket,Bakery,All Countries,Multigrain Bread
Grocery/Supermarket,Bakery,All Countries,White Bread
Grocery/Supermarket,Bakery,All Countries,Sourdough Bread
Grocery/Supermarket,Bakery,All Countries,Buns
Grocery/Supermarket,Bakery,All Countries,Burger Buns
Grocery/Supermarket,Bakery,All Countries,Hot Dog Buns
Grocery/Supermarket,Bakery,All Countries,Bagels
Grocery/Supermarket,Bakery,All Countries,Croissants
Grocery/Supermarket,Bakery,All Countries,Muffins
Grocery/Supermarket,Bakery,All Countries,Donuts
Grocery/Supermarket,Bakery,All Countries,Cookies
Grocery/Supermarket,Bakery,All Countries,Biscuits
Grocery/Supermarket,Bakery,All Countries,Cake
Grocery/Supermarket,Bakery,All Countries,Cupcakes
Grocery/Supermarket,Bakery,All Countries,Pastries
Grocery/Supermarket,Bakery,All Countries,Pita Bread
Grocery/Supermarket,Bakery,All Countries,Naan
Grocery/Supermarket,Bakery,All Countries,Tortillas
Grocery/Supermarket,Bakery,All Countries,Baguette
Grocery/Supermarket,Bakery,All Countries,Rolls
Grocery/Supermarket,Bakery,All Countries,Breadsticks
Grocery/Supermarket,Bakery,All Countries,Waffles
Grocery/Supermarket,Bakery,All Countries,Pancake Mix
Grocery/Supermarket,Bakery,All Countries,Pie Crust
Grocery/Supermarket,Bakery,All Countries,Brownies
Grocery/Supermarket,Bakery,All Countries,Crackers
Grocery/Supermarket,Bakery,All Countries,Rusks
Grocery/Supermarket,Bakery,All Countries,Flatbread
Grocery/Supermarket,"Meat, Poultry & Seafood",All Countries,Chicken Breast
Grocery/Supermarket,"Meat, Poultry & Seafood",All Countries,Chicken Thighs
Grocery/Supermarket,"Meat, Poultry & Seafood",All Countries,Whole Chicken
Grocery/Supermarket,"Meat, Poultry & Seafood",All Countries,Ground Chicken
Grocery/Supermarket,"Meat, Poultry & Seafood",All Countries,Beef Steak
Grocery/Supermarket,"Meat, Poultry & Seafood",All Countries,Ground Beef
Grocery/Supermarket,"Meat, Poultry & Seafood",All Countries,Beef Ribs
Grocery/Supermarket,"Meat, Poultry & Seafood",All Countries,Pork Chops
Grocery/Supermarket,"Meat, Poultry & Seafood",All Countries,Bacon
Grocery/Supermarket,"Meat, Poultry & Seafood",All Countries,Ham
Grocery/Supermarket,"Meat, Poultry & Seafood",All Countries,Sausages
Grocery/Supermarket,"Meat, Poultry & Seafood",All Countries,Hot Dogs
Grocery/Supermarket,"Meat, Poultry & Seafood",All Countries,Salami
Grocery/Supermarket,"Meat, Poultry & Seafood",All Countries,Pepperoni
Grocery/Supermarket,"Meat, Poultry & Seafood",All Countries,Mutton
Grocery/Supermarket,"Meat, Poultry & Seafood",All Countries,Lamb Chops
Grocery/Supermarket,"Meat, Poultry & Seafood",All Countries,Goat Meat
Grocery/Supermarket,"Meat, Poultry & Seafood",All Countries,Turkey
Grocery/Supermarket,"Meat, Poultry & Seafood",All Countries,Duck
Grocery/Supermarket,"Meat, Poultry & Seafood",All Countries,Fish Fillets
Grocery/Supermarket,"Meat, Poultry & Seafood",All Countries,Salmon
Grocery/Supermarket,"Meat, Poultry & Seafood",All Countries,Tuna
Grocery/Supermarket,"Meat, Poultry & Seafood",All Countries,Shrimp/Prawns
Grocery/Supermarket,"Meat, Poultry & Seafood",All Countries,Crab
Grocery/Supermarket,"Meat, Poultry & Seafood",All Countries,Lobster
Grocery/Supermarket,"Meat, Poultry & Seafood",All Countries,Squid/Calamari
Grocery/Supermarket,"Meat, Poultry & Seafood",All Countries,Mussels
Grocery/Supermarket,"Meat, Poultry & Seafood",All Countries,Oysters
Grocery/Supermarket,"Meat, Poultry & Seafood",All Countries,Sardines
Grocery/Supermarket,"Meat, Poultry & Seafood",All Countries,Cod
Grocery/Supermarket,"Meat, Poultry & Seafood",All Countries,Tilapia
Grocery/Supermarket,"Meat, Poultry & Seafood",All Countries,Ground Turkey
Grocery/Supermarket,"Meat, Poultry & Seafood",All Countries,Chicken Wings
Grocery/Supermarket,"Meat, Poultry & Seafood",All Countries,Meatballs
Grocery/Supermarket,"Meat, Poultry & Seafood",All Countries,Canned Tuna
Grocery/Supermarket,Snacks & Beverages,All Countries,Potato Chips
Grocery/Supermarket,Snacks & Beverages,All Countries,Tortilla Chips
Grocery/Supermarket,Snacks & Beverages,All Countries,Popcorn
Grocery/Supermarket,Snacks & Beverages,All Countries,Pretzels
Grocery/Supermarket,Snacks & Beverages,All Countries,Nuts
Grocery/Supermarket,Snacks & Beverages,All Countries,Trail Mix
Grocery/Supermarket,Snacks & Beverages,All Countries,Crackers
Grocery/Supermarket,Snacks & Beverages,All Countries,Chocolate Bars
Grocery/Supermarket,Snacks & Beverages,All Countries,Candy
Grocery/Supermarket,Snacks & Beverages,All Countries,Gummy Bears
Grocery/Supermarket,Snacks & Beverages,All Countries,Cookies
Grocery/Supermarket,Snacks & Beverages,All Countries,Granola Bars
Grocery/Supermarket,Snacks & Beverages,All Countries,Protein Bars
Grocery/Supermarket,Snacks & Beverages,All Countries,Instant Noodles
Grocery/Supermarket,Snacks & Beverages,All Countries,Cup Noodles
Grocery/Supermarket,Snacks & Beverages,All Countries,Soft Drinks
Grocery/Supermarket,Snacks & Beverages,All Countries,Cola
Grocery/Supermarket,Snacks & Beverages,All Countries,Lemonade
Grocery/Supermarket,Snacks & Beverages,All Countries,Fruit Juice
Grocery/Supermarket,Snacks & Beverages,All Countries,Orange Juice
Grocery/Supermarket,Snacks & Beverages,All Countries,Apple Juice
Grocery/Supermarket,Snacks & Beverages,All Countries,Energy Drinks
Grocery/Supermarket,Snacks & Beverages,All Countries,Sports Drinks
Grocery/Supermarket,Snacks & Beverages,All Countries,Bottled Water
Grocery/Supermarket,Snacks & Beverages,All Countries,Sparkling Water
Grocery/Supermarket,Snacks & Beverages,All Countries,Iced Tea
Grocery/Supermarket,Snacks & Beverages,All Countries,Tea Bags
Grocery/Supermarket,Snacks & Beverages,All Countries,Green Tea
Grocery/Supermarket,Snacks & Beverages,All Countries,Coffee
Grocery/Supermarket,Snacks & Beverages,All Countries,Instant Coffee
Grocery/Supermarket,Snacks & Beverages,All Countries,Coffee Beans
Grocery/Supermarket,Snacks & Beverages,All Countries,Hot Chocolate Mix
Grocery/Supermarket,Snacks & Beverages,All Countries,Milkshake
Grocery/Supermarket,Snacks & Beverages,All Countries,Soda Water
Grocery/Supermarket,Snacks & Beverages,All Countries,Coconut Water
Grocery/Supermarket,Snacks & Beverages,All Countries,Beer
Grocery/Supermarket,Snacks & Beverages,All Countries,Wine
Grocery/Supermarket,Snacks & Beverages,All Countries,Whiskey
Grocery/Supermarket,Snacks & Beverages,All Countries,Vodka
Grocery/Supermarket,Snacks & Beverages,All Countries,Rum
Grocery/Supermarket,Snacks & Beverages,All Countries,Cider
Grocery/Supermarket,Snacks & Beverages,All Countries,Cheese Puffs
Grocery/Supermarket,Snacks & Beverages,All Countries,Corn Chips
Grocery/Supermarket,Snacks & Beverages,All Countries,Rice Crackers
Grocery/Supermarket,Snacks & Beverages,All Countries,Beef Jerky
Grocery/Supermarket,Snacks & Beverages,All Countries,Dried Fruits
Grocery/Supermarket,Snacks & Beverages,All Countries,Roasted Nuts
Grocery/Supermarket,Snacks & Beverages,All Countries,Peanuts
Grocery/Supermarket,Snacks & Beverages,All Countries,Cashews
Grocery/Supermarket,Snacks & Beverages,All Countries,Almonds
Grocery/Supermarket,Snacks & Beverages,All Countries,Pistachios
Grocery/Supermarket,Snacks & Beverages,All Countries,Chewing Gum
Grocery/Supermarket,Snacks & Beverages,All Countries,Mints
Grocery/Supermarket,Snacks & Beverages,All Countries,Marshmallows
Grocery/Supermarket,Snacks & Beverages,All Countries,Fruit Snacks
Grocery/Supermarket,Snacks & Beverages,All Countries,Cereal Bars
Grocery/Supermarket,Snacks & Beverages,All Countries,Wafers
Grocery/Supermarket,Snacks & Beverages,All Countries,Chocolate Spread
Grocery/Supermarket,Snacks & Beverages,All Countries,Peanut Butter Cups
Grocery/Supermarket,Snacks & Beverages,All Countries,Honey Roasted Peanuts
Grocery/Supermarket,Snacks & Beverages,All Countries,Sunflower Seeds
Grocery/Supermarket,Snacks & Beverages,All Countries,Pumpkin Seeds
Grocery/Supermarket,Snacks & Beverages,All Countries,Rice Cakes
Grocery/Supermarket,Snacks & Beverages,All Countries,Snack Breadsticks
Grocery/Supermarket,Snacks & Beverages,All Countries,Cheese Crackers
Grocery/Supermarket,Snacks & Beverages,All Countries,Salsa Dip
Grocery/Supermarket,Snacks & Beverages,All Countries,Guacamole
Grocery/Supermarket,Snacks & Beverages,All Countries,Hummus
Grocery/Supermarket,Snacks & Beverages,All Countries,Soda Crackers
Grocery/Supermarket,Snacks & Beverages,All Countries,Fruit Cups
Grocery/Supermarket,Frozen Foods,All Countries,Frozen Vegetables
Grocery/Supermarket,Frozen Foods,All Countries,Frozen Peas
Grocery/Supermarket,Frozen Foods,All Countries,Frozen Corn
Grocery/Supermarket,Frozen Foods,All Countries,Frozen Pizza
Grocery/Supermarket,Frozen Foods,All Countries,Frozen Fries
Grocery/Supermarket,Frozen Foods,All Countries,Frozen Meat
Grocery/Supermarket,Frozen Foods,All Countries,Frozen Chicken Nuggets
Grocery/Supermarket,Frozen Foods,All Countries,Frozen Fish Fillets
Grocery/Supermarket,Frozen Foods,All Countries,Frozen Shrimp
Grocery/Supermarket,Frozen Foods,All Countries,Frozen Dumplings
Grocery/Supermarket,Frozen Foods,All Countries,Frozen Spring Rolls
Grocery/Supermarket,Frozen Foods,All Countries,Frozen Waffles
Grocery/Supermarket,Frozen Foods,All Countries,Frozen Pancakes
Grocery/Supermarket,Frozen Foods,All Countries,Frozen Berries
Grocery/Supermarket,Frozen Foods,All Countries,Ice Cream Tubs
Grocery/Supermarket,Frozen Foods,All Countries,Popsicles
Grocery/Supermarket,Frozen Foods,All Countries,Frozen Yogurt
Grocery/Supermarket,Frozen Foods,All Countries,Frozen Burritos
Grocery/Supermarket,Frozen Foods,All Countries,Frozen Lasagna
Grocery/Supermarket,Frozen Foods,All Countries,Frozen Pie
Grocery/Supermarket,Frozen Foods,All Countries,Frozen Bread Dough
Grocery/Supermarket,Frozen Foods,All Countries,Frozen Samosas
Grocery/Supermarket,Frozen Foods,All Countries,Frozen Paratha
Grocery/Supermarket,Frozen Foods,All Countries,Frozen Meatballs
Grocery/Supermarket,Frozen Foods,All Countries,Frozen Fruit Bars
Grocery/Supermarket,Frozen Foods,All Countries,Frozen Onion Rings
Grocery/Supermarket,Frozen Foods,All Countries,Frozen Hash Browns
Grocery/Supermarket,Frozen Foods,All Countries,Frozen Garlic Bread
Grocery/Supermarket,Frozen Foods,All Countries,Frozen Chicken Wings
Grocery/Supermarket,Frozen Foods,All Countries,Frozen Vegetable Mix
Grocery/Supermarket,Pantry & Staples,All Countries,Rice
Grocery/Supermarket,Pantry & Staples,All Countries,Basmati Rice
Grocery/Supermarket,Pantry & Staples,All Countries,Brown Rice
Grocery/Supermarket,Pantry & Staples,All Countries,Pasta
Grocery/Supermarket,Pantry & Staples,All Countries,Spaghetti
Grocery/Supermarket,Pantry & Staples,All Countries,Macaroni
Grocery/Supermarket,Pantry & Staples,All Countries,Noodles
Grocery/Supermarket,Pantry & Staples,All Countries,Wheat Flour
Grocery/Supermarket,Pantry & Staples,All Countries,All-Purpose Flour
Grocery/Supermarket,Pantry & Staples,All Countries,Corn Flour
Grocery/Supermarket,Pantry & Staples,All Countries,Sugar
Grocery/Supermarket,Pantry & Staples,All Countries,Brown Sugar
Grocery/Supermarket,Pantry & Staples,All Countries,Salt
Grocery/Supermarket,Pantry & Staples,All Countries,Cooking Oil
Grocery/Supermarket,Pantry & Staples,All Countries,Olive Oil
Grocery/Supermarket,Pantry & Staples,All Countries,Sunflower Oil
Grocery/Supermarket,Pantry & Staples,All Countries,Vegetable Oil
Grocery/Supermarket,Pantry & Staples,All Countries,Canned Tomatoes
Grocery/Supermarket,Pantry & Staples,All Countries,Canned Beans
Grocery/Supermarket,Pantry & Staples,All Countries,Canned Corn
Grocery/Supermarket,Pantry & Staples,All Countries,Canned Tuna
Grocery/Supermarket,Pantry & Staples,All Countries,Lentils
Grocery/Supermarket,Pantry & Staples,All Countries,Chickpeas
Grocery/Supermarket,Pantry & Staples,All Countries,Kidney Beans
Grocery/Supermarket,Pantry & Staples,All Countries,Oats
Grocery/Supermarket,Pantry & Staples,All Countries,Cereal
Grocery/Supermarket,Pantry & Staples,All Countries,Honey
Grocery/Supermarket,Pantry & Staples,All Countries,Jam
Grocery/Supermarket,Pantry & Staples,All Countries,Peanut Butter
Grocery/Supermarket,Pantry & Staples,All Countries,Ketchup
Grocery/Supermarket,Pantry & Staples,All Countries,Mayonnaise
Grocery/Supermarket,Pantry & Staples,All Countries,Mustard
Grocery/Supermarket,Pantry & Staples,All Countries,Vinegar
Grocery/Supermarket,Pantry & Staples,All Countries,Soy Sauce
Grocery/Supermarket,Pantry & Staples,All Countries,Baking Powder
Grocery/Supermarket,Pantry & Staples,All Countries,Baking Soda
Grocery/Supermarket,Pantry & Staples,All Countries,Yeast
Grocery/Supermarket,Pantry & Staples,All Countries,Cornstarch
Grocery/Supermarket,Pantry & Staples,All Countries,Breadcrumbs
Grocery/Supermarket,Pantry & Staples,All Countries,Stock Cubes
Grocery/Supermarket,Spices & Condiments,All Countries,Black Pepper
Grocery/Supermarket,Spices & Condiments,All Countries,Salt
Grocery/Supermarket,Spices & Condiments,All Countries,Red Chili Powder
Grocery/Supermarket,Spices & Condiments,All Countries,Turmeric
Grocery/Supermarket,Spices & Condiments,All Countries,Cumin
Grocery/Supermarket,Spices & Condiments,All Countries,Coriander Powder
Grocery/Supermarket,Spices & Condiments,All Countries,Paprika
Grocery/Supermarket,Spices & Condiments,All Countries,Cinnamon
Grocery/Supermarket,Spices & Condiments,All Countries,Cloves
Grocery/Supermarket,Spices & Condiments,All Countries,Cardamom
Grocery/Supermarket,Spices & Condiments,All Countries,Nutmeg
Grocery/Supermarket,Spices & Condiments,All Countries,Bay Leaves
Grocery/Supermarket,Spices & Condiments,All Countries,Oregano
Grocery/Supermarket,Spices & Condiments,All Countries,Dried Basil
Grocery/Supermarket,Spices & Condiments,All Countries,Thyme
Grocery/Supermarket,Spices & Condiments,All Countries,Rosemary
Grocery/Supermarket,Spices & Condiments,All Countries,Garlic Powder
Grocery/Supermarket,Spices & Condiments,All Countries,Onion Powder
Grocery/Supermarket,Spices & Condiments,All Countries,Ginger Powder
Grocery/Supermarket,Spices & Condiments,All Countries,Mustard Seeds
Grocery/Supermarket,Spices & Condiments,All Countries,Fennel Seeds
Grocery/Supermarket,Spices & Condiments,All Countries,Star Anise
Grocery/Supermarket,Spices & Condiments,All Countries,Vanilla Extract
Grocery/Supermarket,Spices & Condiments,All Countries,Chili Flakes
Grocery/Supermarket,Spices & Condiments,All Countries,Mixed Herbs
Grocery/Supermarket,Spices & Condiments,All Countries,Curry Powder
Grocery/Supermarket,Spices & Condiments,All Countries,Garam Masala
Grocery/Supermarket,Spices & Condiments,All Countries,Soy Sauce
Grocery/Supermarket,Spices & Condiments,All Countries,Fish Sauce
Grocery/Supermarket,Spices & Condiments,All Countries,Hot Sauce
Grocery/Supermarket,Spices & Condiments,All Countries,Ketchup
Grocery/Supermarket,Spices & Condiments,All Countries,Mayonnaise
Grocery/Supermarket,Spices & Condiments,All Countries,BBQ Sauce
Grocery/Supermarket,Spices & Condiments,All Countries,Worcestershire Sauce
Grocery/Supermarket,Spices & Condiments,All Countries,Vinegar
Grocery/Supermarket,Spices & Condiments,All Countries,Sesame Oil
Grocery/Supermarket,Spices & Condiments,All Countries,Tahini
Grocery/Supermarket,Spices & Condiments,All Countries,Pesto
Grocery/Supermarket,Spices & Condiments,All Countries,Salsa
Grocery/Supermarket,Spices & Condiments,All Countries,Horseradish
Grocery/Supermarket,Pantry & Staples,India,Atta (Wheat Flour)
Grocery/Supermarket,Pantry & Staples,India,Toor Dal
Grocery/Supermarket,Pantry & Staples,India,Moong Dal
Grocery/Supermarket,Pantry & Staples,India,Besan (Gram Flour)
Grocery/Supermarket,Pantry & Staples,India,Poha
Grocery/Supermarket,Pantry & Staples,India,Rava/Semolina
Grocery/Supermarket,Spices & Condiments,India,Garam Masala
Grocery/Supermarket,Spices & Condiments,India,Mustard Oil
Grocery/Supermarket,Spices & Condiments,India,Tamarind
Grocery/Supermarket,Spices & Condiments,India,Amchur (Dry Mango Powder)
Grocery/Supermarket,Spices & Condiments,India,Hing (Asafoetida)
Grocery/Supermarket,Spices & Condiments,India,Kokum
Grocery/Supermarket,Pantry & Staples,United States,Breakfast Cereal
Grocery/Supermarket,Pantry & Staples,United States,Canned Soup
Grocery/Supermarket,Pantry & Staples,United States,Marshmallow Fluff
Grocery/Supermarket,Pantry & Staples,United States,Maple Syrup
Grocery/Supermarket,Pantry & Staples,United States,Pancake Syrup
Grocery/Supermarket,Pantry & Staples,United States,Boxed Mac & Cheese
Grocery/Supermarket,Spices & Condiments,United States,Ranch Dressing
Grocery/Supermarket,Spices & Condiments,United States,BBQ Sauce (American Style)
Grocery/Supermarket,Spices & Condiments,United States,Cajun Seasoning
Grocery/Supermarket,Spices & Condiments,United States,Taco Seasoning
Grocery/Supermarket,Spices & Condiments,United States,Buffalo Sauce
Grocery/Supermarket,Spices & Condiments,United States,Liquid Smoke
Grocery/Supermarket,Pantry & Staples,United Kingdom,Baked Beans
Grocery/Supermarket,Pantry & Staples,United Kingdom,Porridge Oats
Grocery/Supermarket,Pantry & Staples,United Kingdom,Custard Powder
Grocery/Supermarket,Pantry & Staples,United Kingdom,Digestive Biscuits
Grocery/Supermarket,Pantry & Staples,United Kingdom,Golden Syrup
Grocery/Supermarket,Pantry & Staples,United Kingdom,Christmas Pudding
Grocery/Supermarket,Spices & Condiments,United Kingdom,Brown Sauce
Grocery/Supermarket,Spices & Condiments,United Kingdom,Marmite
Grocery/Supermarket,Spices & Condiments,United Kingdom,Mint Sauce
Grocery/Supermarket,Spices & Condiments,United Kingdom,Malt Vinegar
Grocery/Supermarket,Spices & Condiments,United Kingdom,Gravy Granules
Grocery/Supermarket,Spices & Condiments,United Kingdom,Piccalilli
Grocery/Supermarket,Pantry & Staples,United Arab Emirates,Dates
Grocery/Supermarket,Pantry & Staples,United Arab Emirates,Vermicelli
Grocery/Supermarket,Pantry & Staples,United Arab Emirates,Chickpeas (Local Brand)
Grocery/Supermarket,Pantry & Staples,United Arab Emirates,Freekeh
Grocery/Supermarket,Pantry & Staples,United Arab Emirates,Bulgur Wheat
Grocery/Supermarket,Pantry & Staples,United Arab Emirates,Halva
Grocery/Supermarket,Spices & Condiments,United Arab Emirates,Za'atar
Grocery/Supermarket,Spices & Condiments,United Arab Emirates,Sumac
Grocery/Supermarket,Spices & Condiments,United Arab Emirates,Baharat Spice Mix
Grocery/Supermarket,Spices & Condiments,United Arab Emirates,Rose Water
Grocery/Supermarket,Spices & Condiments,United Arab Emirates,Orange Blossom Water
Grocery/Supermarket,Spices & Condiments,United Arab Emirates,Date Syrup
Grocery/Supermarket,Pantry & Staples,Germany,Spaetzle
Grocery/Supermarket,Pantry & Staples,Germany,Potato Starch
Grocery/Supermarket,Pantry & Staples,Germany,Semolina Dumplings Mix
Grocery/Supermarket,Pantry & Staples,Germany,Rye Flour
Grocery/Supermarket,Pantry & Staples,Germany,Muesli
Grocery/Supermarket,Pantry & Staples,Germany,Lebkuchen Spice Mix
Grocery/Supermarket,Spices & Condiments,Germany,Senf (Mustard)
Grocery/Supermarket,Spices & Condiments,Germany,Curry Ketchup
Grocery/Supermarket,Spices & Condiments,Germany,Caraway Seeds
Grocery/Supermarket,Spices & Condiments,Germany,Juniper Berries
Grocery/Supermarket,Spices & Condiments,Germany,Apple Vinegar
Grocery/Supermarket,Spices & Condiments,Germany,Sauerkraut
Grocery/Supermarket,Pantry & Staples,Australia,Vegemite
Grocery/Supermarket,Pantry & Staples,Australia,Rolled Oats (Aussie Brand)
Grocery/Supermarket,Pantry & Staples,Australia,Golden Syrup
Grocery/Supermarket,Pantry & Staples,Australia,Weet-Bix
Grocery/Supermarket,Pantry & Staples,Australia,Damper Mix
Grocery/Supermarket,Pantry & Staples,Australia,Anzac Biscuit Mix
Grocery/Supermarket,Spices & Condiments,Australia,Tomato Sauce (Aussie)
Grocery/Supermarket,Spices & Condiments,Australia,Gravy Mix
Grocery/Supermarket,Spices & Condiments,Australia,Chutney
Grocery/Supermarket,Spices & Condiments,Australia,Native Pepperberry
Grocery/Supermarket,Spices & Condiments,Australia,Lemon Myrtle
Grocery/Supermarket,Spices & Condiments,Australia,Bush Tomato Sauce
Grocery/Supermarket,Pantry & Staples,Singapore,Jasmine Rice
Grocery/Supermarket,Pantry & Staples,Singapore,Rice Noodles (Local)
Grocery/Supermarket,Pantry & Staples,Singapore,Coconut Milk
Grocery/Supermarket,Pantry & Staples,Singapore,Dried Shrimp
Grocery/Supermarket,Pantry & Staples,Singapore,Belacan
Grocery/Supermarket,Pantry & Staples,Singapore,Kaya Spread
Grocery/Supermarket,Spices & Condiments,Singapore,Sambal
Grocery/Supermarket,Spices & Condiments,Singapore,Oyster Sauce
Grocery/Supermarket,Spices & Condiments,Singapore,Fish Sauce (Local)
Grocery/Supermarket,Spices & Condiments,Singapore,Curry Powder (Local Blend)
Grocery/Supermarket,Spices & Condiments,Singapore,Five-Spice Powder
Grocery/Supermarket,Spices & Condiments,Singapore,Chili Padi Sauce
Grocery/Supermarket,Pantry & Staples,Brazil,Black Beans (Feijao)
Grocery/Supermarket,Pantry & Staples,Brazil,Manioc Flour (Farinha)
Grocery/Supermarket,Pantry & Staples,Brazil,Tapioca Flour
Grocery/Supermarket,Pantry & Staples,Brazil,Palm Hearts
Grocery/Supermarket,Pantry & Staples,Brazil,Guarana Syrup
Grocery/Supermarket,Pantry & Staples,Brazil,Pao de Queijo Mix
Grocery/Supermarket,Spices & Condiments,Brazil,Malagueta Pepper Sauce
Grocery/Supermarket,Spices & Condiments,Brazil,Palm Oil (Azeite de Dende)
Grocery/Supermarket,Spices & Condiments,Brazil,Coconut Milk
Grocery/Supermarket,Spices & Condiments,Brazil,Cachaca
Grocery/Supermarket,Spices & Condiments,Brazil,Farofa Seasoning
Grocery/Supermarket,Spices & Condiments,Brazil,Chimichurri
Grocery/Supermarket,Pantry & Staples,France,Baguette Flour
Grocery/Supermarket,Pantry & Staples,France,Herbes de Provence Blend
Grocery/Supermarket,Pantry & Staples,France,Confit Duck Fat
Grocery/Supermarket,Pantry & Staples,France,Cornichons
Grocery/Supermarket,Pantry & Staples,France,Crepe Mix
Grocery/Supermarket,Pantry & Staples,France,Nutella
Grocery/Supermarket,Spices & Condiments,France,Dijon Mustard
Grocery/Supermarket,Spices & Condiments,France,Herbes de Provence
Grocery/Supermarket,Spices & Condiments,France,Fleur de Sel
Grocery/Supermarket,Spices & Condiments,France,Shallots
Grocery/Supermarket,Spices & Condiments,France,Cognac Vinegar
Grocery/Supermarket,Spices & Condiments,France,Truffle Oil
Grocery/Supermarket,Pantry & Staples,China,Rice Noodles
Grocery/Supermarket,Pantry & Staples,China,Wheat Noodles
Grocery/Supermarket,Pantry & Staples,China,Dried Shiitake Mushrooms
Grocery/Supermarket,Pantry & Staples,China,Tofu
Grocery/Supermarket,Pantry & Staples,China,Century Eggs
Grocery/Supermarket,Pantry & Staples,China,Glutinous Rice
Grocery/Supermarket,Spices & Condiments,China,Rice Vinegar
Grocery/Supermarket,Spices & Condiments,China,Sesame Oil
Grocery/Supermarket,Spices & Condiments,China,Five-Spice Powder
Grocery/Supermarket,Spices & Condiments,China,Chili Oil
Grocery/Supermarket,Spices & Condiments,China,Oyster Sauce
Grocery/Supermarket,Spices & Condiments,China,Doubanjiang (Chili Bean Paste)
Grocery/Supermarket,Pantry & Staples,Japan,Miso Paste
Grocery/Supermarket,Pantry & Staples,Japan,Nori (Seaweed)
Grocery/Supermarket,Pantry & Staples,Japan,Udon Noodles
Grocery/Supermarket,Pantry & Staples,Japan,Soba Noodles
Grocery/Supermarket,Pantry & Staples,Japan,Dashi Stock
Grocery/Supermarket,Pantry & Staples,Japan,Tofu
Grocery/Supermarket,Spices & Condiments,Japan,Mirin
Grocery/Supermarket,Spices & Condiments,Japan,Rice Vinegar
Grocery/Supermarket,Spices & Condiments,Japan,Wasabi
Grocery/Supermarket,Spices & Condiments,Japan,Sesame Oil
Grocery/Supermarket,Spices & Condiments,Japan,Furikake
Grocery/Supermarket,Spices & Condiments,Japan,Shichimi Togarashi
Grocery/Supermarket,Pantry & Staples,South Korea,Kimchi
Grocery/Supermarket,Pantry & Staples,South Korea,Rice Cakes (Tteok)
Grocery/Supermarket,Pantry & Staples,South Korea,Instant Noodles (Korean)
Grocery/Supermarket,Pantry & Staples,South Korea,Seaweed
Grocery/Supermarket,Pantry & Staples,South Korea,Glass Noodles (Japchae)
Grocery/Supermarket,Pantry & Staples,South Korea,Perilla Oil
Grocery/Supermarket,Spices & Condiments,South Korea,Gochujang
Grocery/Supermarket,Spices & Condiments,South Korea,Gochugaru (Chili Flakes)
Grocery/Supermarket,Spices & Condiments,South Korea,Doenjang
Grocery/Supermarket,Spices & Condiments,South Korea,Garlic Paste
Grocery/Supermarket,Spices & Condiments,South Korea,Sesame Salt
Grocery/Supermarket,Spices & Condiments,South Korea,Ssamjang
Grocery/Supermarket,Pantry & Staples,Mexico,Corn Tortillas
Grocery/Supermarket,Pantry & Staples,Mexico,Masa Harina
Grocery/Supermarket,Pantry & Staples,Mexico,Black Beans
Grocery/Supermarket,Pantry & Staples,Mexico,Refried Beans
Grocery/Supermarket,Pantry & Staples,Mexico,Chipotle in Adobo
Grocery/Supermarket,Pantry & Staples,Mexico,Nopales
Grocery/Supermarket,Spices & Condiments,Mexico,Salsa Verde
Grocery/Supermarket,Spices & Condiments,Mexico,Chili Powder
Grocery/Supermarket,Spices & Condiments,Mexico,Adobo Sauce
Grocery/Supermarket,Spices & Condiments,Mexico,Achiote Paste
Grocery/Supermarket,Spices & Condiments,Mexico,Lime
Grocery/Supermarket,Spices & Condiments,Mexico,Oregano (Mexican)
Grocery/Supermarket,Pantry & Staples,Italy,Risotto Rice (Arborio)
Grocery/Supermarket,Pantry & Staples,Italy,Canned San Marzano Tomatoes
Grocery/Supermarket,Pantry & Staples,Italy,Polenta
Grocery/Supermarket,Pantry & Staples,Italy,Dried Porcini Mushrooms
Grocery/Supermarket,Pantry & Staples,Italy,Anchovy Paste
Grocery/Supermarket,Pantry & Staples,Italy,Breadsticks (Grissini)
Grocery/Supermarket,Spices & Condiments,Italy,Balsamic Vinegar
Grocery/Supermarket,Spices & Condiments,Italy,Basil (Fresh/Dried)
Grocery/Supermarket,Spices & Condiments,Italy,Parmesan Rind
Grocery/Supermarket,Spices & Condiments,Italy,Chili Flakes (Peperoncino)
Grocery/Supermarket,Spices & Condiments,Italy,Truffle Paste
Grocery/Supermarket,Spices & Condiments,Italy,Pesto Genovese
Grocery/Supermarket,Pantry & Staples,Spain,Rice (Bomba)
Grocery/Supermarket,Pantry & Staples,Spain,Chickpeas (Spanish)
Grocery/Supermarket,Pantry & Staples,Spain,Canned Tuna in Olive Oil
Grocery/Supermarket,Pantry & Staples,Spain,Saffron Threads
Grocery/Supermarket,Pantry & Staples,Spain,Jamon Iberico
Grocery/Supermarket,Pantry & Staples,Spain,Membrillo (Quince Paste)
Grocery/Supermarket,Spices & Condiments,Spain,Paprika (Pimenton)
Grocery/Supermarket,Spices & Condiments,Spain,Saffron
Grocery/Supermarket,Spices & Condiments,Spain,Sherry Vinegar
Grocery/Supermarket,Spices & Condiments,Spain,Alioli
Grocery/Supermarket,Spices & Condiments,Spain,Romesco Sauce
Grocery/Supermarket,Spices & Condiments,Spain,Piquillo Peppers
Grocery/Supermarket,Pantry & Staples,Saudi Arabia,Dates
Grocery/Supermarket,Pantry & Staples,Saudi Arabia,Freekeh
Grocery/Supermarket,Pantry & Staples,Saudi Arabia,Vermicelli
Grocery/Supermarket,Pantry & Staples,Saudi Arabia,Chickpeas
Grocery/Supermarket,Pantry & Staples,Saudi Arabia,Bulgur Wheat
Grocery/Supermarket,Pantry & Staples,Saudi Arabia,Semolina
Grocery/Supermarket,Spices & Condiments,Saudi Arabia,Baharat Spice Mix
Grocery/Supermarket,Spices & Condiments,Saudi Arabia,Sumac
Grocery/Supermarket,Spices & Condiments,Saudi Arabia,Saffron
Grocery/Supermarket,Spices & Condiments,Saudi Arabia,Tahini
Grocery/Supermarket,Spices & Condiments,Saudi Arabia,Date Syrup (Dibs)
Grocery/Supermarket,Spices & Condiments,Saudi Arabia,Loomi (Dried Lime)
Grocery/Supermarket,Pantry & Staples,South Africa,Maize Meal (Mielie Meal)
Grocery/Supermarket,Pantry & Staples,South Africa,Samp
Grocery/Supermarket,Pantry & Staples,South Africa,Dried Beans
Grocery/Supermarket,Pantry & Staples,South Africa,Rooibos Tea
Grocery/Supermarket,Pantry & Staples,South Africa,Biltong
Grocery/Supermarket,Pantry & Staples,South Africa,Boerewors Spice Mix
Grocery/Supermarket,Spices & Condiments,South Africa,Peri-Peri Sauce
Grocery/Supermarket,Spices & Condiments,South Africa,Chutney (Mrs Ball's Style)
Grocery/Supermarket,Spices & Condiments,South Africa,Curry Powder (Cape Malay)
Grocery/Supermarket,Spices & Condiments,South Africa,Biltong Spice
Grocery/Supermarket,Spices & Condiments,South Africa,Monkey Gland Sauce
Grocery/Supermarket,Spices & Condiments,South Africa,Chakalaka Sauce
Grocery/Supermarket,Pantry & Staples,Nigeria,Garri
Grocery/Supermarket,Pantry & Staples,Nigeria,Beans (Local)
Grocery/Supermarket,Pantry & Staples,Nigeria,Yam Flour
Grocery/Supermarket,Pantry & Staples,Nigeria,Semolina
Grocery/Supermarket,Pantry & Staples,Nigeria,Palm Oil
Grocery/Supermarket,Pantry & Staples,Nigeria,Ogbono Seeds
Grocery/Supermarket,Spices & Condiments,Nigeria,Pepper Soup Spice
Grocery/Supermarket,Spices & Condiments,Nigeria,Maggi Cubes
Grocery/Supermarket,Spices & Condiments,Nigeria,Ground Crayfish
Grocery/Supermarket,Spices & Condiments,Nigeria,Scotch Bonnet Pepper
Grocery/Supermarket,Spices & Condiments,Nigeria,Curry Powder
Grocery/Supermarket,Spices & Condiments,Nigeria,Palm Oil
Grocery/Supermarket,Pantry & Staples,Indonesia,Rice Noodles
Grocery/Supermarket,Pantry & Staples,Indonesia,Coconut Milk
Grocery/Supermarket,Pantry & Staples,Indonesia,Tempeh
Grocery/Supermarket,Pantry & Staples,Indonesia,Tofu (Indonesian)
Grocery/Supermarket,Pantry & Staples,Indonesia,Rice Vermicelli
Grocery/Supermarket,Pantry & Staples,Indonesia,Palm Sugar
Grocery/Supermarket,Spices & Condiments,Indonesia,Sambal
Grocery/Supermarket,Spices & Condiments,Indonesia,Sweet Soy Sauce (Kecap Manis)
Grocery/Supermarket,Spices & Condiments,Indonesia,Shrimp Paste (Terasi)
Grocery/Supermarket,Spices & Condiments,Indonesia,Turmeric
Grocery/Supermarket,Spices & Condiments,Indonesia,Lemongrass
Grocery/Supermarket,Spices & Condiments,Indonesia,Coconut Oil
Electronics,Mobile & Accessories,All Countries,Smartphone
Electronics,Mobile & Accessories,All Countries,Phone Case
Electronics,Mobile & Accessories,All Countries,Screen Protector
Electronics,Mobile & Accessories,All Countries,Charger Cable
Electronics,Mobile & Accessories,All Countries,Wall Charger
Electronics,Mobile & Accessories,All Countries,Car Charger
Electronics,Mobile & Accessories,All Countries,Power Bank
Electronics,Mobile & Accessories,All Countries,Wireless Charger
Electronics,Mobile & Accessories,All Countries,Earbuds
Electronics,Mobile & Accessories,All Countries,Wired Earphones
Electronics,Mobile & Accessories,All Countries,Bluetooth Headphones
Electronics,Mobile & Accessories,All Countries,Phone Stand
Electronics,Mobile & Accessories,All Countries,Selfie Stick
Electronics,Mobile & Accessories,All Countries,SIM Card
Electronics,Mobile & Accessories,All Countries,Memory Card
Electronics,Mobile & Accessories,All Countries,Phone Ring Holder
Electronics,Mobile & Accessories,All Countries,Pop Socket
Electronics,Mobile & Accessories,All Countries,Phone Camera Lens
Electronics,Mobile & Accessories,All Countries,Portable Bluetooth Speaker
Electronics,Mobile & Accessories,All Countries,Smartwatch
Electronics,Mobile & Accessories,All Countries,Fitness Band
Electronics,Mobile & Accessories,All Countries,Tablet
Electronics,Mobile & Accessories,All Countries,Stylus Pen
Electronics,Mobile & Accessories,All Countries,Tablet Case
Electronics,Mobile & Accessories,All Countries,USB Cable
Electronics,Mobile & Accessories,All Countries,Type-C Cable
Electronics,Mobile & Accessories,All Countries,Lightning Cable
Electronics,Mobile & Accessories,All Countries,OTG Adapter
Electronics,Mobile & Accessories,All Countries,Phone Mount
Electronics,Mobile & Accessories,All Countries,Waterproof Pouch
Electronics,Mobile & Accessories,All Countries,Anti-glare Film
Electronics,Mobile & Accessories,All Countries,Phone Cleaning Kit
Electronics,Mobile & Accessories,All Countries,Portable Fan
Electronics,Mobile & Accessories,All Countries,Selfie Ring Light
Electronics,Mobile & Accessories,All Countries,Bluetooth Adapter
Electronics,Computers & Laptops,All Countries,Laptop
Electronics,Computers & Laptops,All Countries,Desktop Computer
Electronics,Computers & Laptops,All Countries,Monitor
Electronics,Computers & Laptops,All Countries,Keyboard
Electronics,Computers & Laptops,All Countries,Mouse
Electronics,Computers & Laptops,All Countries,Laptop Bag
Electronics,Computers & Laptops,All Countries,Laptop Sleeve
Electronics,Computers & Laptops,All Countries,External Hard Drive
Electronics,Computers & Laptops,All Countries,USB Flash Drive
Electronics,Computers & Laptops,All Countries,Webcam
Electronics,Computers & Laptops,All Countries,Laptop Stand
Electronics,Computers & Laptops,All Countries,Cooling Pad
Electronics,Computers & Laptops,All Countries,Wireless Mouse
Electronics,Computers & Laptops,All Countries,Mechanical Keyboard
Electronics,Computers & Laptops,All Countries,Laptop Charger
Electronics,Computers & Laptops,All Countries,HDMI Cable
Electronics,Computers & Laptops,All Countries,USB Hub
Electronics,Computers & Laptops,All Countries,Printer
Electronics,Computers & Laptops,All Countries,Printer Ink
Electronics,Computers & Laptops,All Countries,Printer Paper
Electronics,Computers & Laptops,All Countries,Router
Electronics,Computers & Laptops,All Countries,Wi-Fi Extender
Electronics,Computers & Laptops,All Countries,Ethernet Cable
Electronics,Computers & Laptops,All Countries,Graphics Card
Electronics,Computers & Laptops,All Countries,RAM Module
Electronics,Computers & Laptops,All Countries,SSD Drive
Electronics,Computers & Laptops,All Countries,Laptop Battery
Electronics,Computers & Laptops,All Countries,Docking Station
Electronics,Computers & Laptops,All Countries,Surge Protector
Electronics,Computers & Laptops,All Countries,Computer Speakers
Electronics,Computers & Laptops,All Countries,Microphone
Electronics,Computers & Laptops,All Countries,Headset
Electronics,Computers & Laptops,All Countries,Laptop Skin
Electronics,Computers & Laptops,All Countries,Cable Organizer
Electronics,Computers & Laptops,All Countries,Monitor Stand
Electronics,Home Entertainment,All Countries,Smart TV
Electronics,Home Entertainment,All Countries,LED TV
Electronics,Home Entertainment,All Countries,Soundbar
Electronics,Home Entertainment,All Countries,Bluetooth Speaker
Electronics,Home Entertainment,All Countries,Home Theater System
Electronics,Home Entertainment,All Countries,Streaming Device
Electronics,Home Entertainment,All Countries,Remote Control
Electronics,Home Entertainment,All Countries,HDMI Cable
Electronics,Home Entertainment,All Countries,TV Wall Mount
Electronics,Home Entertainment,All Countries,DVD Player
Electronics,Home Entertainment,All Countries,Blu-ray Player
Electronics,Home Entertainment,All Countries,Projector
Electronics,Home Entertainment,All Countries,Projector Screen
Electronics,Home Entertainment,All Countries,Turntable/Record Player
Electronics,Home Entertainment,All Countries,Vinyl Records
Electronics,Home Entertainment,All Countries,Radio
Electronics,Home Entertainment,All Countries,Antenna
Electronics,Home Entertainment,All Countries,Set-Top Box
Electronics,Home Entertainment,All Countries,Gaming Chair
Electronics,Home Entertainment,All Countries,TV Stand
Electronics,Home Entertainment,All Countries,Universal Remote
Electronics,Home Entertainment,All Countries,Media Player
Electronics,Home Entertainment,All Countries,AV Receiver
Electronics,Home Entertainment,All Countries,Speaker Wire
Electronics,Home Entertainment,All Countries,Subwoofer
Electronics,Home Entertainment,All Countries,Karaoke Machine
Electronics,Home Entertainment,All Countries,Karaoke Microphone
Electronics,Home Entertainment,All Countries,Wireless Headphones
Electronics,Home Entertainment,All Countries,TV Antenna Booster
Electronics,Home Entertainment,All Countries,Streaming Stick
Electronics,Home Entertainment,All Countries,Digital Tuner
Electronics,Home Entertainment,All Countries,Satellite Dish
Electronics,Home Entertainment,All Countries,TV Cable
Electronics,Home Entertainment,All Countries,Smart Home Hub
Electronics,Home Entertainment,All Countries,Voice Assistant Speaker
Electronics,Home Appliances,All Countries,Microwave Oven
Electronics,Home Appliances,All Countries,Refrigerator
Electronics,Home Appliances,All Countries,Washing Machine
Electronics,Home Appliances,All Countries,Dryer
Electronics,Home Appliances,All Countries,Dishwasher
Electronics,Home Appliances,All Countries,Air Conditioner
Electronics,Home Appliances,All Countries,Electric Kettle
Electronics,Home Appliances,All Countries,Toaster
Electronics,Home Appliances,All Countries,Blender
Electronics,Home Appliances,All Countries,Food Processor
Electronics,Home Appliances,All Countries,Coffee Maker
Electronics,Home Appliances,All Countries,Rice Cooker
Electronics,Home Appliances,All Countries,Pressure Cooker
Electronics,Home Appliances,All Countries,Air Fryer
Electronics,Home Appliances,All Countries,Slow Cooker
Electronics,Home Appliances,All Countries,Vacuum Cleaner
Electronics,Home Appliances,All Countries,Robot Vacuum
Electronics,Home Appliances,All Countries,Steam Iron
Electronics,Home Appliances,All Countries,Hair Dryer
Electronics,Home Appliances,All Countries,Hair Straightener
Electronics,Home Appliances,All Countries,Electric Shaver
Electronics,Home Appliances,All Countries,Water Purifier
Electronics,Home Appliances,All Countries,Water Heater
Electronics,Home Appliances,All Countries,Space Heater
Electronics,Home Appliances,All Countries,Ceiling Fan
Electronics,Home Appliances,All Countries,Table Fan
Electronics,Home Appliances,All Countries,Exhaust Fan
Electronics,Home Appliances,All Countries,Sewing Machine
Electronics,Home Appliances,All Countries,Juicer
Electronics,Home Appliances,All Countries,Hand Mixer
Electronics,Home Appliances,All Countries,Stand Mixer
Electronics,Home Appliances,All Countries,Electric Grill
Electronics,Home Appliances,All Countries,Sandwich Maker
Electronics,Home Appliances,All Countries,Deep Fryer
Electronics,Home Appliances,All Countries,Bread Maker
Electronics,Home Appliances,All Countries,Ice Maker
Electronics,Home Appliances,All Countries,Wine Cooler
Electronics,Home Appliances,All Countries,Chest Freezer
Electronics,Home Appliances,All Countries,Dehumidifier
Electronics,Home Appliances,All Countries,Humidifier
Electronics,Home Appliances,All Countries,Air Purifier
Electronics,Home Appliances,All Countries,Electric Stove
Electronics,Home Appliances,All Countries,Induction Cooktop
Electronics,Home Appliances,All Countries,Oven Toaster Grill
Electronics,Home Appliances,All Countries,Milk Frother
Electronics,Gaming,All Countries,Gaming Console
Electronics,Gaming,All Countries,Controller
Electronics,Gaming,All Countries,Video Games
Electronics,Gaming,All Countries,Gaming Headset
Electronics,Gaming,All Countries,Gaming Chair
Electronics,Gaming,All Countries,Gaming Mouse
Electronics,Gaming,All Countries,Gaming Keyboard
Electronics,Gaming,All Countries,Gaming Memory Card
Electronics,Gaming,All Countries,VR Headset
Electronics,Gaming,All Countries,Gaming Monitor
Electronics,Gaming,All Countries,Joystick
Electronics,Gaming,All Countries,Steering Wheel Controller
Electronics,Gaming,All Countries,Gaming Mouse Pad
Electronics,Gaming,All Countries,Gaming Gift Card
Electronics,Gaming,All Countries,Console Charging Dock
Electronics,Gaming,All Countries,Gaming Laptop
Electronics,Gaming,All Countries,Handheld Console
Electronics,Gaming,All Countries,Game Cartridge
Electronics,Gaming,All Countries,Controller Charging Station
Electronics,Gaming,All Countries,Gaming Chair Cushion
Electronics,Gaming,All Countries,HDMI Splitter
Electronics,Gaming,All Countries,Capture Card
Electronics,Gaming,All Countries,Streaming Microphone
Electronics,Gaming,All Countries,Gaming Backpack
Electronics,Gaming,All Countries,Console Skin
Electronics,Gaming,All Countries,Extra Controller
Electronics,Gaming,All Countries,Gaming Router
Electronics,Gaming,All Countries,Gaming Earbuds
Electronics,Gaming,All Countries,Racing Wheel
Electronics,Gaming,All Countries,Gaming Desk
Clothing,Men's Wear,All Countries,T-Shirts
Clothing,Men's Wear,All Countries,Formal Shirts
Clothing,Men's Wear,All Countries,Casual Shirts
Clothing,Men's Wear,All Countries,Jeans
Clothing,Men's Wear,All Countries,Chinos
Clothing,Men's Wear,All Countries,Trousers
Clothing,Men's Wear,All Countries,Shorts
Clothing,Men's Wear,All Countries,Jackets
Clothing,Men's Wear,All Countries,Blazers
Clothing,Men's Wear,All Countries,Suits
Clothing,Men's Wear,All Countries,Sweaters
Clothing,Men's Wear,All Countries,Hoodies
Clothing,Men's Wear,All Countries,Polo Shirts
Clothing,Men's Wear,All Countries,Track Pants
Clothing,Men's Wear,All Countries,Cargo Pants
Clothing,Men's Wear,All Countries,Vests
Clothing,Men's Wear,All Countries,Innerwear
Clothing,Men's Wear,All Countries,Socks
Clothing,Men's Wear,All Countries,Belts
Clothing,Men's Wear,All Countries,Ties
Clothing,Men's Wear,All Countries,Raincoats
Clothing,Men's Wear,All Countries,Overcoats
Clothing,Men's Wear,All Countries,Denim Jackets
Clothing,Men's Wear,All Countries,Sportswear
Clothing,Men's Wear,All Countries,Swim Trunks
Clothing,Men's Wear,All Countries,Pajamas
Clothing,Men's Wear,All Countries,Thermal Wear
Clothing,Men's Wear,All Countries,Sleeveless Shirts
Clothing,Men's Wear,All Countries,Waistcoats
Clothing,Men's Wear,All Countries,Bomber Jackets
Clothing,Men's Wear,All Countries,Cardigans
Clothing,Men's Wear,All Countries,Kurta (Men)
Clothing,Men's Wear,All Countries,Sherwani
Clothing,Men's Wear,All Countries,Windbreakers
Clothing,Men's Wear,All Countries,Track Suits
Clothing,Women's Wear,All Countries,T-Shirts/Tops
Clothing,Women's Wear,All Countries,Blouses
Clothing,Women's Wear,All Countries,Dresses
Clothing,Women's Wear,All Countries,Jeans
Clothing,Women's Wear,All Countries,Skirts
Clothing,Women's Wear,All Countries,Leggings
Clothing,Women's Wear,All Countries,Jackets
Clothing,Women's Wear,All Countries,Sweaters
Clothing,Women's Wear,All Countries,Cardigans
Clothing,Women's Wear,All Countries,Hoodies
Clothing,Women's Wear,All Countries,Jumpsuits
Clothing,Women's Wear,All Countries,Sarees
Clothing,Women's Wear,All Countries,Kurtis
Clothing,Women's Wear,All Countries,Salwar Suits
Clothing,Women's Wear,All Countries,Innerwear
Clothing,Women's Wear,All Countries,Bras
Clothing,Women's Wear,All Countries,Nightwear
Clothing,Women's Wear,All Countries,Shawls
Clothing,Women's Wear,All Countries,Scarves
Clothing,Women's Wear,All Countries,Coats
Clothing,Women's Wear,All Countries,Blazers
Clothing,Women's Wear,All Countries,Maxi Dresses
Clothing,Women's Wear,All Countries,Formal Wear
Clothing,Women's Wear,All Countries,Party Wear
Clothing,Women's Wear,All Countries,Ethnic Wear
Clothing,Women's Wear,All Countries,Palazzo Pants
Clothing,Women's Wear,All Countries,Camisoles
Clothing,Women's Wear,All Countries,Shrugs
Clothing,Women's Wear,All Countries,Ponchos
Clothing,Women's Wear,All Countries,Swimwear
Clothing,Women's Wear,All Countries,Tunics
Clothing,Women's Wear,All Countries,Capris
Clothing,Women's Wear,All Countries,Denim Jackets
Clothing,Women's Wear,All Countries,Cropped Tops
Clothing,Women's Wear,All Countries,Sweatshirts
Clothing,Kids Wear,All Countries,T-Shirts
Clothing,Kids Wear,All Countries,Shorts
Clothing,Kids Wear,All Countries,School Uniform
Clothing,Kids Wear,All Countries,Jackets
Clothing,Kids Wear,All Countries,Socks
Clothing,Kids Wear,All Countries,Sleepwear
Clothing,Kids Wear,All Countries,Rompers
Clothing,Kids Wear,All Countries,Onesies
Clothing,Kids Wear,All Countries,Dresses (Girls)
Clothing,Kids Wear,All Countries,Jeans (Kids)
Clothing,Kids Wear,All Countries,Sweaters
Clothing,Kids Wear,All Countries,Hoodies
Clothing,Kids Wear,All Countries,Rain Coats
Clothing,Kids Wear,All Countries,Swimwear
Clothing,Kids Wear,All Countries,Winter Coats
Clothing,Kids Wear,All Countries,Caps
Clothing,Kids Wear,All Countries,Mittens
Clothing,Kids Wear,All Countries,Baby Bibs
Clothing,Kids Wear,All Countries,Baby Socks
Clothing,Kids Wear,All Countries,Kids Shoes
Clothing,Kids Wear,All Countries,Costumes
Clothing,Kids Wear,All Countries,School Bag Accessories
Clothing,Kids Wear,All Countries,Track Suits
Clothing,Kids Wear,All Countries,Frocks
Clothing,Kids Wear,All Countries,Sweatshirts
Clothing,Kids Wear,All Countries,Vests
Clothing,Kids Wear,All Countries,Leggings
Clothing,Kids Wear,All Countries,Skirts
Clothing,Kids Wear,All Countries,Winter Gloves
Clothing,Kids Wear,All Countries,Baby Sleepsuits
Clothing,Footwear,All Countries,Sneakers
Clothing,Footwear,All Countries,Formal Shoes
Clothing,Footwear,All Countries,Sandals
Clothing,Footwear,All Countries,Slippers
Clothing,Footwear,All Countries,Boots
Clothing,Footwear,All Countries,Sports Shoes
Clothing,Footwear,All Countries,Loafers
Clothing,Footwear,All Countries,Flip Flops
Clothing,Footwear,All Countries,Heels
Clothing,Footwear,All Countries,Flats
Clothing,Footwear,All Countries,Running Shoes
Clothing,Footwear,All Countries,Hiking Boots
Clothing,Footwear,All Countries,Sports Sandals
Clothing,Footwear,All Countries,Ballet Flats
Clothing,Footwear,All Countries,Wedges
Clothing,Footwear,All Countries,Ankle Boots
Clothing,Footwear,All Countries,Slip-on Shoes
Clothing,Footwear,All Countries,Espadrilles
Clothing,Footwear,All Countries,Rain Boots
Clothing,Footwear,All Countries,Work Boots
Clothing,Footwear,All Countries,Moccasins
Clothing,Footwear,All Countries,Boat Shoes
Clothing,Footwear,All Countries,Football Boots (Cleats)
Clothing,Footwear,All Countries,Basketball Shoes
Clothing,Footwear,All Countries,School Shoes
Clothing,Footwear,All Countries,Baby Shoes
Clothing,Footwear,All Countries,Flip Flop Sandals
Clothing,Footwear,All Countries,Sneaker Socks
Clothing,Footwear,All Countries,Shoe Insoles
Clothing,Footwear,All Countries,Shoe Polish Kit
Clothing,Traditional/Ethnic Wear,All Countries,Saree
Clothing,Traditional/Ethnic Wear,All Countries,Kurta
Clothing,Traditional/Ethnic Wear,All Countries,Sherwani
Clothing,Traditional/Ethnic Wear,All Countries,Lehenga
Clothing,Traditional/Ethnic Wear,All Countries,Salwar Kameez
Clothing,Traditional/Ethnic Wear,All Countries,Abaya
Clothing,Traditional/Ethnic Wear,All Countries,Kimono
Clothing,Traditional/Ethnic Wear,All Countries,Hanbok
Clothing,Traditional/Ethnic Wear,All Countries,Ao Dai
Clothing,Traditional/Ethnic Wear,All Countries,Cheongsam/Qipao
Clothing,Traditional/Ethnic Wear,All Countries,Dashiki
Clothing,Traditional/Ethnic Wear,All Countries,Kente Cloth
Clothing,Traditional/Ethnic Wear,All Countries,Dirndl
Clothing,Traditional/Ethnic Wear,All Countries,Lederhosen
Clothing,Traditional/Ethnic Wear,All Countries,Kilt
Clothing,Traditional/Ethnic Wear,All Countries,Poncho
Clothing,Traditional/Ethnic Wear,All Countries,Barong Tagalog
Clothing,Traditional/Ethnic Wear,All Countries,Thobe
Clothing,Traditional/Ethnic Wear,All Countries,Gele Headwrap
Clothing,Traditional/Ethnic Wear,All Countries,Kaftan
Mall/Department Store,Beauty & Personal Care,All Countries,Face Wash
Mall/Department Store,Beauty & Personal Care,All Countries,Moisturizer
Mall/Department Store,Beauty & Personal Care,All Countries,Sunscreen
Mall/Department Store,Beauty & Personal Care,All Countries,Shampoo
Mall/Department Store,Beauty & Personal Care,All Countries,Conditioner
Mall/Department Store,Beauty & Personal Care,All Countries,Hair Oil
Mall/Department Store,Beauty & Personal Care,All Countries,Hair Serum
Mall/Department Store,Beauty & Personal Care,All Countries,Lipstick
Mall/Department Store,Beauty & Personal Care,All Countries,Lip Balm
Mall/Department Store,Beauty & Personal Care,All Countries,Foundation
Mall/Department Store,Beauty & Personal Care,All Countries,Concealer
Mall/Department Store,Beauty & Personal Care,All Countries,Compact Powder
Mall/Department Store,Beauty & Personal Care,All Countries,Blush
Mall/Department Store,Beauty & Personal Care,All Countries,Eyeliner
Mall/Department Store,Beauty & Personal Care,All Countries,Mascara
Mall/Department Store,Beauty & Personal Care,All Countries,Eyeshadow Palette
Mall/Department Store,Beauty & Personal Care,All Countries,Nail Polish
Mall/Department Store,Beauty & Personal Care,All Countries,Nail Polish Remover
Mall/Department Store,Beauty & Personal Care,All Countries,Face Mask
Mall/Department Store,Beauty & Personal Care,All Countries,Facial Scrub
Mall/Department Store,Beauty & Personal Care,All Countries,Toner
Mall/Department Store,Beauty & Personal Care,All Countries,Body Lotion
Mall/Department Store,Beauty & Personal Care,All Countries,Body Wash
Mall/Department Store,Beauty & Personal Care,All Countries,Hand Cream
Mall/Department Store,Beauty & Personal Care,All Countries,Deodorant
Mall/Department Store,Beauty & Personal Care,All Countries,Antiperspirant
Mall/Department Store,Beauty & Personal Care,All Countries,Perfume Roll-on
Mall/Department Store,Beauty & Personal Care,All Countries,Hair Spray
Mall/Department Store,Beauty & Personal Care,All Countries,Hair Gel
Mall/Department Store,Beauty & Personal Care,All Countries,Hair Wax
Mall/Department Store,Beauty & Personal Care,All Countries,Razor
Mall/Department Store,Beauty & Personal Care,All Countries,Shaving Cream
Mall/Department Store,Beauty & Personal Care,All Countries,Aftershave
Mall/Department Store,Beauty & Personal Care,All Countries,Cotton Pads
Mall/Department Store,Beauty & Personal Care,All Countries,Makeup Remover
Mall/Department Store,Beauty & Personal Care,All Countries,Setting Spray
Mall/Department Store,Beauty & Personal Care,All Countries,BB Cream
Mall/Department Store,Beauty & Personal Care,All Countries,Primer
Mall/Department Store,Beauty & Personal Care,All Countries,Eyebrow Pencil
Mall/Department Store,Beauty & Personal Care,All Countries,Highlighter
Mall/Department Store,Beauty & Personal Care,All Countries,Bronzer
Mall/Department Store,Beauty & Personal Care,All Countries,Hair Straightening Cream
Mall/Department Store,Beauty & Personal Care,All Countries,Beard Oil
Mall/Department Store,Beauty & Personal Care,All Countries,Hair Dye
Mall/Department Store,Beauty & Personal Care,All Countries,Sunscreen Stick
Mall/Department Store,Beauty & Personal Care,All Countries,Lip Gloss
Mall/Department Store,Watches & Jewelry,All Countries,Wrist Watch
Mall/Department Store,Watches & Jewelry,All Countries,Smart Watch
Mall/Department Store,Watches & Jewelry,All Countries,Earrings
Mall/Department Store,Watches & Jewelry,All Countries,Necklace
Mall/Department Store,Watches & Jewelry,All Countries,Bracelet
Mall/Department Store,Watches & Jewelry,All Countries,Ring
Mall/Department Store,Watches & Jewelry,All Countries,Pendant
Mall/Department Store,Watches & Jewelry,All Countries,Anklet
Mall/Department Store,Watches & Jewelry,All Countries,Nose Ring
Mall/Department Store,Watches & Jewelry,All Countries,Cufflinks
Mall/Department Store,Watches & Jewelry,All Countries,Brooch
Mall/Department Store,Watches & Jewelry,All Countries,Chain
Mall/Department Store,Watches & Jewelry,All Countries,Bangles
Mall/Department Store,Watches & Jewelry,All Countries,Charm Bracelet
Mall/Department Store,Watches & Jewelry,All Countries,Wedding Ring
Mall/Department Store,Watches & Jewelry,All Countries,Engagement Ring
Mall/Department Store,Watches & Jewelry,All Countries,Watch Strap
Mall/Department Store,Watches & Jewelry,All Countries,Watch Battery
Mall/Department Store,Watches & Jewelry,All Countries,Jewelry Box
Mall/Department Store,Watches & Jewelry,All Countries,Tie Clip
Mall/Department Store,Watches & Jewelry,All Countries,Locket
Mall/Department Store,Watches & Jewelry,All Countries,Ear Studs
Mall/Department Store,Watches & Jewelry,All Countries,Toe Ring
Mall/Department Store,Watches & Jewelry,All Countries,Decorative Hair Pin
Mall/Department Store,Watches & Jewelry,All Countries,Body Chain
Mall/Department Store,Bags & Accessories,All Countries,Handbag
Mall/Department Store,Bags & Accessories,All Countries,Backpack
Mall/Department Store,Bags & Accessories,All Countries,Wallet
Mall/Department Store,Bags & Accessories,All Countries,Sunglasses
Mall/Department Store,Bags & Accessories,All Countries,Belt
Mall/Department Store,Bags & Accessories,All Countries,Tote Bag
Mall/Department Store,Bags & Accessories,All Countries,Clutch Bag
Mall/Department Store,Bags & Accessories,All Countries,Sling Bag
Mall/Department Store,Bags & Accessories,All Countries,Laptop Accessory Bag
Mall/Department Store,Bags & Accessories,All Countries,Travel Bag
Mall/Department Store,Bags & Accessories,All Countries,Duffel Bag
Mall/Department Store,Bags & Accessories,All Countries,Men's Wallet
Mall/Department Store,Bags & Accessories,All Countries,Coin Purse
Mall/Department Store,Bags & Accessories,All Countries,Passport Holder
Mall/Department Store,Bags & Accessories,All Countries,Luggage/Suitcase
Mall/Department Store,Bags & Accessories,All Countries,Umbrella
Mall/Department Store,Bags & Accessories,All Countries,Hat
Mall/Department Store,Bags & Accessories,All Countries,Cap
Mall/Department Store,Bags & Accessories,All Countries,Beanie
Mall/Department Store,Bags & Accessories,All Countries,Gloves
Mall/Department Store,Bags & Accessories,All Countries,Scarf
Mall/Department Store,Bags & Accessories,All Countries,Keychain
Mall/Department Store,Bags & Accessories,All Countries,Hair Accessories
Mall/Department Store,Bags & Accessories,All Countries,Hair Bands
Mall/Department Store,Bags & Accessories,All Countries,Wristband
Mall/Department Store,Bags & Accessories,All Countries,Phone Wallet
Mall/Department Store,Bags & Accessories,All Countries,Card Holder
Mall/Department Store,Bags & Accessories,All Countries,Fanny Pack
Mall/Department Store,Bags & Accessories,All Countries,Shopping Bag
Mall/Department Store,Bags & Accessories,All Countries,Travel Organizer
Mall/Department Store,Perfumes & Fragrances,All Countries,Perfume (Men)
Mall/Department Store,Perfumes & Fragrances,All Countries,Perfume (Women)
Mall/Department Store,Perfumes & Fragrances,All Countries,Body Spray
Mall/Department Store,Perfumes & Fragrances,All Countries,Deodorant Spray
Mall/Department Store,Perfumes & Fragrances,All Countries,Scented Candle
Mall/Department Store,Perfumes & Fragrances,All Countries,Room Freshener
Mall/Department Store,Perfumes & Fragrances,All Countries,Car Freshener
Mall/Department Store,Perfumes & Fragrances,All Countries,Essential Oil
Mall/Department Store,Perfumes & Fragrances,All Countries,Cologne
Mall/Department Store,Perfumes & Fragrances,All Countries,Eau de Toilette
Mall/Department Store,Perfumes & Fragrances,All Countries,Eau de Parfum
Mall/Department Store,Perfumes & Fragrances,All Countries,Perfume Gift Set
Mall/Department Store,Perfumes & Fragrances,All Countries,Incense Sticks
Mall/Department Store,Perfumes & Fragrances,All Countries,Reed Diffuser
Mall/Department Store,Perfumes & Fragrances,All Countries,Body Mist
Mall/Department Store,Perfumes & Fragrances,All Countries,Attar
Mall/Department Store,Perfumes & Fragrances,All Countries,Fragrance Oil
Mall/Department Store,Perfumes & Fragrances,All Countries,Aromatherapy Diffuser
Mall/Department Store,Perfumes & Fragrances,All Countries,Perfume Sample Set
Mall/Department Store,Perfumes & Fragrances,All Countries,Solid Perfume
Mall/Department Store,Gifts & Stationery,All Countries,Greeting Card
Mall/Department Store,Gifts & Stationery,All Countries,Gift Wrap
Mall/Department Store,Gifts & Stationery,All Countries,Notebook
Mall/Department Store,Gifts & Stationery,All Countries,Pen Set
Mall/Department Store,Gifts & Stationery,All Countries,Gift Box
Mall/Department Store,Gifts & Stationery,All Countries,Diary
Mall/Department Store,Gifts & Stationery,All Countries,Sticky Notes
Mall/Department Store,Gifts & Stationery,All Countries,Highlighters
Mall/Department Store,Gifts & Stationery,All Countries,Pencil Case
Mall/Department Store,Gifts & Stationery,All Countries,Gift Bag
Mall/Department Store,Gifts & Stationery,All Countries,Ribbon
Mall/Department Store,Gifts & Stationery,All Countries,Photo Frame
Mall/Department Store,Gifts & Stationery,All Countries,Calendar
Mall/Department Store,Gifts & Stationery,All Countries,Sketch Book
Mall/Department Store,Gifts & Stationery,All Countries,Markers
Mall/Department Store,Gifts & Stationery,All Countries,Crayons
Mall/Department Store,Gifts & Stationery,All Countries,Scissors
Mall/Department Store,Gifts & Stationery,All Countries,Glue Stick
Mall/Department Store,Gifts & Stationery,All Countries,Tape
Mall/Department Store,Gifts & Stationery,All Countries,Stapler
Mall/Department Store,Gifts & Stationery,All Countries,Wrapping Paper Rolls
Mall/Department Store,Gifts & Stationery,All Countries,Gift Card
Mall/Department Store,Gifts & Stationery,All Countries,Birthday Candles
Mall/Department Store,Gifts & Stationery,All Countries,Party Balloons
Mall/Department Store,Gifts & Stationery,All Countries,Party Hats
Mall/Department Store,Gifts & Stationery,All Countries,Confetti
Mall/Department Store,Gifts & Stationery,All Countries,Gift Tags
Mall/Department Store,Gifts & Stationery,All Countries,Craft Paper
Mall/Department Store,Gifts & Stationery,All Countries,Journal
Mall/Department Store,Gifts & Stationery,All Countries,Bookmark
Home/Household,Cleaning Supplies,All Countries,Dish Soap
Home/Household,Cleaning Supplies,All Countries,Laundry Detergent
Home/Household,Cleaning Supplies,All Countries,Fabric Softener
Home/Household,Cleaning Supplies,All Countries,Floor Cleaner
Home/Household,Cleaning Supplies,All Countries,Glass Cleaner
Home/Household,Cleaning Supplies,All Countries,Bathroom Cleaner
Home/Household,Cleaning Supplies,All Countries,Toilet Cleaner
Home/Household,Cleaning Supplies,All Countries,Disinfectant Spray
Home/Household,Cleaning Supplies,All Countries,Trash Bags
Home/Household,Cleaning Supplies,All Countries,Sponges
Home/Household,Cleaning Supplies,All Countries,Scrub Brushes
Home/Household,Cleaning Supplies,All Countries,Mop
Home/Household,Cleaning Supplies,All Countries,Broom
Home/Household,Cleaning Supplies,All Countries,Dustpan
Home/Household,Cleaning Supplies,All Countries,Bucket
Home/Household,Cleaning Supplies,All Countries,Rubber Gloves
Home/Household,Cleaning Supplies,All Countries,Air Freshener
Home/Household,Cleaning Supplies,All Countries,Stain Remover
Home/Household,Cleaning Supplies,All Countries,Bleach
Home/Household,Cleaning Supplies,All Countries,All-Purpose Cleaner
Home/Household,Cleaning Supplies,All Countries,Furniture Polish
Home/Household,Cleaning Supplies,All Countries,Drain Cleaner
Home/Household,Cleaning Supplies,All Countries,Window Cleaner Wipes
Home/Household,Cleaning Supplies,All Countries,Microfiber Cloths
Home/Household,Cleaning Supplies,All Countries,Paper Towels
Home/Household,Cleaning Supplies,All Countries,Dishwasher Tabs
Home/Household,Cleaning Supplies,All Countries,Descaling Solution
Home/Household,Cleaning Supplies,All Countries,Carpet Cleaner
Home/Household,Cleaning Supplies,All Countries,Insect Spray
Home/Household,Cleaning Supplies,All Countries,Mosquito Repellent
Home/Household,Cleaning Supplies,All Countries,Hand Sanitizer
Home/Household,Cleaning Supplies,All Countries,Wet Wipes
Home/Household,Cleaning Supplies,All Countries,Vacuum Bags
Home/Household,Cleaning Supplies,All Countries,Lint Roller
Home/Household,Cleaning Supplies,All Countries,Shoe Polish
Home/Household,Kitchenware & Cookware,All Countries,Non-Stick Pan
Home/Household,Kitchenware & Cookware,All Countries,Frying Pan
Home/Household,Kitchenware & Cookware,All Countries,Cooking Pot
Home/Household,Kitchenware & Cookware,All Countries,Saucepan
Home/Household,Kitchenware & Cookware,All Countries,Pressure Cooker
Home/Household,Kitchenware & Cookware,All Countries,Wok
Home/Household,Kitchenware & Cookware,All Countries,Baking Tray
Home/Household,Kitchenware & Cookware,All Countries,Casserole Dish
Home/Household,Kitchenware & Cookware,All Countries,Cutlery Set
Home/Household,Kitchenware & Cookware,All Countries,Plates
Home/Household,Kitchenware & Cookware,All Countries,Bowls
Home/Household,Kitchenware & Cookware,All Countries,Cups
Home/Household,Kitchenware & Cookware,All Countries,Mugs
Home/Household,Kitchenware & Cookware,All Countries,Glasses
Home/Household,Kitchenware & Cookware,All Countries,Cutting Board
Home/Household,Kitchenware & Cookware,All Countries,Knife Set
Home/Household,Kitchenware & Cookware,All Countries,Ladle
Home/Household,Kitchenware & Cookware,All Countries,Spatula
Home/Household,Kitchenware & Cookware,All Countries,Whisk
Home/Household,Kitchenware & Cookware,All Countries,Tongs
Home/Household,Kitchenware & Cookware,All Countries,Grater
Home/Household,Kitchenware & Cookware,All Countries,Peeler
Home/Household,Kitchenware & Cookware,All Countries,Measuring Cups
Home/Household,Kitchenware & Cookware,All Countries,Measuring Spoons
Home/Household,Kitchenware & Cookware,All Countries,Mixing Bowls
Home/Household,Kitchenware & Cookware,All Countries,Storage Containers
Home/Household,Kitchenware & Cookware,All Countries,Food Wrap
Home/Household,Kitchenware & Cookware,All Countries,Aluminum Foil
Home/Household,Kitchenware & Cookware,All Countries,Parchment Paper
Home/Household,Kitchenware & Cookware,All Countries,Colander
Home/Household,Kitchenware & Cookware,All Countries,Strainer
Home/Household,Kitchenware & Cookware,All Countries,Rolling Pin
Home/Household,Kitchenware & Cookware,All Countries,Chopping Knife
Home/Household,Kitchenware & Cookware,All Countries,Kitchen Scale
Home/Household,Kitchenware & Cookware,All Countries,Can Opener
Home/Household,Kitchenware & Cookware,All Countries,Bottle Opener
Home/Household,Kitchenware & Cookware,All Countries,Tea Kettle
Home/Household,Kitchenware & Cookware,All Countries,Serving Tray
Home/Household,Kitchenware & Cookware,All Countries,Salt & Pepper Shakers
Home/Household,Kitchenware & Cookware,All Countries,Napkin Holder
Home/Household,Kitchenware & Cookware,All Countries,Coasters
Home/Household,Kitchenware & Cookware,All Countries,Placemats
Home/Household,Kitchenware & Cookware,All Countries,Dish Rack
Home/Household,Kitchenware & Cookware,All Countries,Oven Mitts
Home/Household,Kitchenware & Cookware,All Countries,Apron
Home/Household,Bedding & Linen,All Countries,Bedsheets
Home/Household,Bedding & Linen,All Countries,Pillow Covers
Home/Household,Bedding & Linen,All Countries,Blanket
Home/Household,Bedding & Linen,All Countries,Comforter
Home/Household,Bedding & Linen,All Countries,Duvet
Home/Household,Bedding & Linen,All Countries,Towels
Home/Household,Bedding & Linen,All Countries,Bath Towels
Home/Household,Bedding & Linen,All Countries,Hand Towels
Home/Household,Bedding & Linen,All Countries,Curtains
Home/Household,Bedding & Linen,All Countries,Mattress Protector
Home/Household,Bedding & Linen,All Countries,Pillow
Home/Household,Bedding & Linen,All Countries,Cushion Covers
Home/Household,Bedding & Linen,All Countries,Quilt
Home/Household,Bedding & Linen,All Countries,Bed Runner
Home/Household,Bedding & Linen,All Countries,Table Cloth
Home/Household,Bedding & Linen,All Countries,Table Runner
Home/Household,Bedding & Linen,All Countries,Napkins
Home/Household,Bedding & Linen,All Countries,Shower Curtain
Home/Household,Bedding & Linen,All Countries,Bath Mat
Home/Household,Bedding & Linen,All Countries,Bedspread
Home/Household,Bedding & Linen,All Countries,Fitted Sheet
Home/Household,Bedding & Linen,All Countries,Mosquito Net
Home/Household,Bedding & Linen,All Countries,Sleeping Bag
Home/Household,Bedding & Linen,All Countries,Weighted Blanket
Home/Household,Bedding & Linen,All Countries,Throw Blanket
Home/Household,Storage & Organization,All Countries,Storage Boxes
Home/Household,Storage & Organization,All Countries,Hangers
Home/Household,Storage & Organization,All Countries,Laundry Basket
Home/Household,Storage & Organization,All Countries,Shelf Organizer
Home/Household,Storage & Organization,All Countries,Drawer Dividers
Home/Household,Storage & Organization,All Countries,Vacuum Storage Bags
Home/Household,Storage & Organization,All Countries,Shoe Rack
Home/Household,Storage & Organization,All Countries,Closet Organizer
Home/Household,Storage & Organization,All Countries,Under-bed Storage
Home/Household,Storage & Organization,All Countries,Storage Baskets
Home/Household,Storage & Organization,All Countries,Jar Organizers
Home/Household,Storage & Organization,All Countries,Spice Rack
Home/Household,Storage & Organization,All Countries,Wall Shelves
Home/Household,Storage & Organization,All Countries,Hooks
Home/Household,Storage & Organization,All Countries,Drawer Liners
Home/Household,Storage & Organization,All Countries,Garment Bags
Home/Household,Storage & Organization,All Countries,Cable Organizer
Home/Household,Storage & Organization,All Countries,Storage Ottoman
Home/Household,Storage & Organization,All Countries,Wardrobe Organizer
Home/Household,Storage & Organization,All Countries,Bathroom Organizer
Home/Household,Storage & Organization,All Countries,Kitchen Cabinet Organizer
Home/Household,Storage & Organization,All Countries,Toy Storage Bin
Home/Household,Storage & Organization,All Countries,Book Shelf
Home/Household,Storage & Organization,All Countries,Magazine Rack
Home/Household,Storage & Organization,All Countries,Multi-purpose Bins
Home/Household,Toiletries,All Countries,Toilet Paper
Home/Household,Toiletries,All Countries,Hand Soap
Home/Household,Toiletries,All Countries,Toothpaste
Home/Household,Toiletries,All Countries,Toothbrush
Home/Household,Toiletries,All Countries,Shampoo
Home/Household,Toiletries,All Countries,Conditioner
Home/Household,Toiletries,All Countries,Body Wash
Home/Household,Toiletries,All Countries,Bar Soap
Home/Household,Toiletries,All Countries,Tissues
Home/Household,Toiletries,All Countries,Cotton Swabs
Home/Household,Toiletries,All Countries,Facial Tissue
Home/Household,Toiletries,All Countries,Sanitary Pads
Home/Household,Toiletries,All Countries,Tampons
Home/Household,Toiletries,All Countries,Wet Wipes
Home/Household,Toiletries,All Countries,Hand Sanitizer
Home/Household,Toiletries,All Countries,Deodorant
Home/Household,Toiletries,All Countries,Razor
Home/Household,Toiletries,All Countries,Shaving Cream
Home/Household,Toiletries,All Countries,Mouthwash
Home/Household,Toiletries,All Countries,Dental Floss
Home/Household,Toiletries,All Countries,Cotton Balls
Home/Household,Toiletries,All Countries,Nail Clipper
Home/Household,Toiletries,All Countries,Hair Brush
Home/Household,Toiletries,All Countries,Comb
Home/Household,Toiletries,All Countries,Bath Sponge
Home/Household,Toiletries,All Countries,Loofah
Home/Household,Toiletries,All Countries,Talcum Powder
Home/Household,Toiletries,All Countries,Baby Wipes
Home/Household,Toiletries,All Countries,Baby Diapers
Home/Household,Toiletries,All Countries,Baby Powder
Home/Household,Toiletries,All Countries,Baby Shampoo
Home/Household,Toiletries,All Countries,Baby Lotion
Home/Household,Toiletries,All Countries,Adult Diapers
Home/Household,Toiletries,All Countries,Cotton Ear Buds
Home/Household,Toiletries,All Countries,First Aid Kit
Home/Household,Toiletries,All Countries,Nail File
Home/Household,Toiletries,All Countries,Hair Conditioner Mask
Home/Household,Toiletries,All Countries,Body Scrub
Home/Household,Toiletries,All Countries,Feminine Wash
Home/Household,Toiletries,All Countries,Throat Lozenges
Home/Household,Toiletries,All Countries,Vitamin Supplements
Home/Household,Toiletries,All Countries,Pain Relief Balm
Home/Household,Toiletries,All Countries,Band-Aids
Home/Household,Toiletries,All Countries,Thermometer
Home/Household,Toiletries,All Countries,Hot Water Bottle
Home/Household,Toiletries,All Countries,Reusable Face Mask
Home/Household,Toiletries,All Countries,Hand Warmer Packs
Home/Household,Toiletries,All Countries,Insect Bite Cream
Home/Household,Toiletries,All Countries,Lip Balm SPF
Home/Household,Toiletries,All Countries,Foot Powder
Home/Household,Toiletries,All Countries,Baby Bath Wash
